Workbook

Sheet contact_perimeter_flag
C1: % [-] wetted/contact perimeter flags
B2: Environment | C2: =[1]CHAN!$E$3 -> CHAN_1 | D2: =[1]CHAN!F$3 -> CHAN_2 | E2: =[1]STR_STAB!$E$3 -> STR_STAB_1 | F2: =[1]Z_JACKET!E$3 -> Z_JACKET_1 | G2: =[1]Z_JACKET!F$3 -> Z_JACKET_2 | H2: =[1]Z_JACKET!G$3 -> Z_JACKET_3 | I2: =[1]Z_JACKET!H$3 -> Z_JACKET_4 | J2: =[1]Z_JACKET!I$3 -> Z_JACKET_5 | K2: =[1]Z_JACKET!J$3 -> Z_JACKET_6
A3: =B2 -> Environment | B3: 0 | C3: 0 | D3: 0 | E3: 0 | F3: 0 | G3: 0 | H3: 0 | I3: 0 | J3: 0 | K3: 1
A4: =C2 -> CHAN_1 | B4: 0 | C4: 0 | D4: 0 | E4: 1 | F4: 1 | G4: 0 | H4: 0 | I4: 0 | J4: 0 | K4: 0
A5: =D2 -> CHAN_2 | B5: 0 | C5: 0 | D5: 0 | E5: 0 | F5: 0 | G5: 0 | H5: 1 | I5: 1 | J5: 0 | K5: 0
A6: =E2 -> STR_STAB_1 | B6: 0 | C6: 0 | D6: 0 | E6: 0 | F6: 0 | G6: 0 | H6: 0 | I6: 0 | J6: 0 | K6: 0
A7: =F2 -> Z_JACKET_1 | B7: 0 | C7: 0 | D7: 0 | E7: 0 | F7: 0 | G7: 1 | H7: 0 | I7: 0 | J7: 0 | K7: 0
A8: =G2 -> Z_JACKET_2 | B8: 0 | C8: 0 | D8: 0 | E8: 0 | F8: 0 | G8: 0 | H8: 1 | I8: 0 | J8: 0 | K8: 0
A9: =H2 -> Z_JACKET_3 | B9: 0 | C9: 0 | D9: 0 | E9: 0 | F9: 0 | G9: 0 | H9: 0 | I9: 0 | J9: 0 | K9: 0
A10: =I2 -> Z_JACKET_4 | B10: 0 | C10: 0 | D10: 0 | E10: 0 | F10: 0 | G10: 0 | H10: 0 | I10: 0 | J10: 1 | K10: 0
A11: =J2 -> Z_JACKET_5 | B11: 0 | C11: 0 | D11: 0 | E11: 0 | F11: 0 | G11: 0 | H11: 0 | I11: 0 | J11: 0 | K11: 1
A12: =K2 -> Z_JACKET_6 | B12: 0 | C12: 0 | D12: 0 | E12: 0 | F12: 0 | G12: 0 | H12: 0 | I12: 0 | J12: 0 | K12: 0

Sheet contact_perimeter
C1: % [m] wetted/contact perimeter
B2: =contact_perimeter_flag!B2 -> Environment | C2: =contact_perimeter_flag!C2 -> CHAN_1 | D2: =contact_perimeter_flag!D2 -> CHAN_2 | E2: =contact_perimeter_flag!E2 -> STR_STAB_1 | F2: =contact_perimeter_flag!F2 -> Z_JACKET_1 | G2: =contact_perimeter_flag!G2 -> Z_JACKET_2 | H2: =contact_perimeter_flag!H2 -> Z_JACKET_3 | I2: =contact_perimeter_flag!I2 -> Z_JACKET_4 | ... K2: =contact_perimeter_flag!K2 -> Z_JACKET_6
A3: =B2 -> Environment | B3: 0 | C3: 0 | D3: 0 | E3: 0 | F3: 0 | G3: 0 | H3: 0 | I3: 0 | J3: 0 | K3: =PI()*0.186 -> 0.58433623
A4: =C2 -> CHAN_1 | B4: 0 | C4: 0 | D4: 0 | E4: =PI()*0.01 -> 0.031415927 | F4: =PI()*0.02 -> 0.062831853 | G4: 0 | H4: 0 | I4: 0 | J4: 0 | K4: 0
A5: =D2 -> CHAN_2 | B5: 0 | C5: 0 | D5: 0 | E5: 0 | F5: 0 | G5: 0 | H5: =PI()*0.108 -> 0.33929201 | I5: =PI()*0.128 -> 0.40212386 | J5: 0 | K5: 0
A6: =E2 -> STR_STAB_1 | B6: 0 | C6: 0 | D6: 0 | E6: 0 | F6: 0 | G6: 0 | H6: 0 | I6: 0 | J6: 0 | K6: 0
A7: =F2 -> Z_JACKET_1 | B7: 0 | C7: =0 -> 0 | D7: =0 -> 0 | E7: 0 | F7: 0 | G7: =PI()*0.024 -> 0.075398224 | H7: 0 | I7: 0 | J7: 0 | K7: 0
A8: =contact_perimeter_flag!A8 -> Z_JACKET_2 | B8: 1 | C8: =0 -> 0 | D8: =0 -> 0 | E8: 0 | F8: 0 | G8: 0 | H8: =PI()*0.048 -> 0.15079645 | I8: 0 | J8: 0 | K8: 0
A9: =contact_perimeter_flag!A9 -> Z_JACKET_3 | B9: 2 | C9: =0 -> 0 | D9: =0 -> 0 | E9: 0 | F9: 0 | G9: 0 | H9: 0 | I9: 0 | J9: 0 | K9: 0
A10: =contact_perimeter_flag!A10 -> Z_JACKET_4 | B10: 3 | C10: =0 -> 0 | D10: =0 -> 0 | E10: 0 | F10: 0 | G10: 0 | H10: 0 | I10: 0 | J10: =PI()*0.132 -> 0.41469023 | K10: 0
A11: =contact_perimeter_flag!A11 -> Z_JACKET_5 | B11: 4 | C11: =0 -> 0 | D11: =0 -> 0 | E11: 0 | F11: 0 | G11: 0 | H11: 0 | I11: 0 | J11: 0 | K11: =PI()*0.156 -> 0.49008845
A12: =contact_perimeter_flag!A12 -> Z_JACKET_6 | B12: 5 | C12: =0 -> 0 | D12: =0 -> 0 | E12: 0 | F12: 0 | G12: 0 | H12: 0 | I12: 0 | J12: 0 | K12: 0

Sheet HTC_choice
C1: %[] flag to define the model to compute the HTC (yellow cells are those to thake into account). flag to decide how to evaluate interface htc.
B2: =contact_perimeter_flag!B2 -> Environment | C2: =contact_perimeter_flag!C2 -> CHAN_1 | D2: =contact_perimeter_flag!D2 -> CHAN_2 | E2: =contact_perimeter_flag!E2 -> STR_STAB_1 | F2: =contact_perimeter_flag!F2 -> Z_JACKET_1 | G2: =contact_perimeter_flag!G2 -> Z_JACKET_2 | H2: =contact_perimeter_flag!H2 -> Z_JACKET_3 | I2: =contact_perimeter_flag!I2 -> Z_JACKET_4 | ... K2: =contact_perimeter_flag!K2 -> Z_JACKET_6
A3: =B2 -> Environment | B3: 0 | C3: 0 | D3: 0 | E3: 0 | F3: 0 | G3: 0 | H3: 0 | I3: 0 | J3: 0 | K3: -4
A4: =C2 -> CHAN_1 | B4: 0 | C4: 0 | D4: 0 | E4: 2 | F4: 2 | G4: 0 | H4: 0 | I4: 0 | J4: 0 | K4: 0
A5: =D2 -> CHAN_2 | B5: 0 | C5: 0 | D5: 0 | E5: 0 | F5: 0 | G5: 0 | H5: 2 | I5: 2 | J5: 0 | K5: 0
A6: =E2 -> STR_STAB_1 | B6: 0 | C6: 0 | D6: 0 | E6: 0 | F6: 0 | G6: 0 | H6: 0 | I6: 0 | J6: 0 | K6: 0
A7: =F2 -> Z_JACKET_1 | B7: 0 | C7: =0 -> 0 | D7: =0 -> 0 | E7: 0 | F7: 0 | G7: 3 | H7: 0 | I7: 0 | J7: 0 | K7: 0
A8: =contact_perimeter_flag!A8 -> Z_JACKET_2 | B8: 0 | C8: =0 -> 0 | D8: =0 -> 0 | E8: 0 | F8: 0 | G8: 0 | H8: -1 | I8: 0 | J8: 0 | K8: 0
A9: =contact_perimeter_flag!A9 -> Z_JACKET_3 | B9: 0 | C9: =0 -> 0 | D9: =0 -> 0 | E9: 0 | F9: 0 | G9: 0 | H9: 0 | I9: 0 | J9: 0 | K9: 0
A10: =contact_perimeter_flag!A10 -> Z_JACKET_4 | B10: 0 | C10: =0 -> 0 | D10: =0 -> 0 | E10: 0 | F10: 0 | G10: 0 | H10: 0 | I10: 0 | J10: 3 | K10: 0
A11: =contact_perimeter_flag!A11 -> Z_JACKET_5 | B11: 0 | C11: =0 -> 0 | D11: =0 -> 0 | E11: 0 | F11: 0 | G11: 0 | H11: 0 | I11: 0 | J11: 0 | K11: -1
A12: =contact_perimeter_flag!A12 -> Z_JACKET_6 | B12: 0 | C12: =0 -> 0 | D12: =0 -> 0 | E12: 0 | F12: 0 | G12: 0 | H12: 0 | I12: 0 | J12: 0 | K12: 0

Sheet contact_HTC
C1: % [W/m2K] Value for the heat transfer coefficient, if constant
B2: =contact_perimeter_flag!B2 -> Environment | C2: =contact_perimeter_flag!C2 -> CHAN_1 | D2: =contact_perimeter_flag!D2 -> CHAN_2 | E2: =contact_perimeter_flag!E2 -> STR_STAB_1 | F2: =contact_perimeter_flag!F2 -> Z_JACKET_1 | G2: =contact_perimeter_flag!G2 -> Z_JACKET_2 | H2: =contact_perimeter_flag!H2 -> Z_JACKET_3 | I2: =contact_perimeter_flag!I2 -> Z_JACKET_4 | ... K2: =contact_perimeter_flag!K2 -> Z_JACKET_6
A3: =B2 -> Environment | B3: 0 | C3: 0 | D3: 0 | E3: 0 | F3: 0 | G3: 0 | H3: 0 | I3: 0 | J3: 0 | K3: 5
A4: =C2 -> CHAN_1 | B4: 0 | C4: 0 | D4: 0 | E4: 0 | F4: 0 | G4: 0 | H4: 0 | I4: 0 | J4: 0 | K4: 0
A5: =D2 -> CHAN_2 | B5: 0 | C5: 0 | D5: 0 | E5: 0 | F5: 0 | G5: 0 | H5: 0 | I5: 0 | J5: 0 | K5: 0
A6: =E2 -> STR_STAB_1 | B6: 0 | C6: 0 | D6: 0 | E6: 0 | F6: 0 | G6: 0 | H6: 0 | I6: 0 | J6: 0 | K6: 0
A7: =F2 -> Z_JACKET_1 | B7: 0 | C7: 0 | D7: 0 | E7: 0 | F7: 0 | G7: 0 | H7: 0 | I7: 0 | J7: 0 | K7: 0
A8: =contact_perimeter_flag!A8 -> Z_JACKET_2 | B8: 0 | C8: 0 | D8: 0 | E8: 0 | F8: 0 | G8: 0 | H8: 500 | I8: 0 | J8: 0 | K8: 0
A9: =contact_perimeter_flag!A9 -> Z_JACKET_3 | B9: 0 | C9: 0 | D9: 0 | E9: 0 | F9: 0 | G9: 0 | H9: 0 | I9: 0 | J9: 0 | K9: 0
A10: =contact_perimeter_flag!A10 -> Z_JACKET_4 | B10: 0 | C10: 0 | D10: 0 | E10: 0 | F10: 0 | G10: 0 | H10: 0 | I10: 0 | J10: 0 | K10: 0
A11: =contact_perimeter_flag!A11 -> Z_JACKET_5 | B11: 0 | C11: 0 | D11: 0 | E11: 0 | F11: 0 | G11: 0 | H11: 0 | I11: 0 | J11: 0 | K11: 500
A12: =contact_perimeter_flag!A12 -> Z_JACKET_6 | B12: 0 | C12: 0 | D12: 0 | E12: 0 | F12: 0 | G12: 0 | H12: 0 | I12: 0 | J12: 0 | K12: 0

Sheet thermal_contact_resistance
C1: [m2K/W] thermal contact resistance between soldi component, should be >= 0; used if flag HTC_choice is 1
B2: =contact_perimeter_flag!B2 -> Environment | C2: =contact_perimeter_flag!C2 -> CHAN_1 | D2: =contact_perimeter_flag!D2 -> CHAN_2 | E2: =contact_perimeter_flag!E2 -> STR_STAB_1 | F2: =contact_perimeter_flag!F2 -> Z_JACKET_1 | G2: =contact_perimeter_flag!G2 -> Z_JACKET_2 | H2: =contact_perimeter_flag!H2 -> Z_JACKET_3 | I2: =contact_perimeter_flag!I2 -> Z_JACKET_4 | ... K2: =contact_perimeter_flag!K2 -> Z_JACKET_6
A3: =B2 -> Environment | B3: 0 | C3: 0 | D3: 0 | E3: 0 | F3: 0 | G3: 0 | H3: 0 | I3: 0 | J3: 0 | K3: 0
A4: =C2 -> CHAN_1 | B4: 0 | C4: 0 | D4: 0 | E4: 0 | F4: 0 | G4: 0 | H4: 0 | I4: 0 | J4: 0 | K4: 0
A5: =D2 -> CHAN_2 | B5: 0 | C5: 0 | D5: 0 | E5: 0 | F5: 0 | G5: 0 | H5: 0 | I5: 0 | J5: 0 | K5: 0
A6: =E2 -> STR_STAB_1 | B6: 0 | C6: 0 | D6: 0 | E6: 0 | F6: 0 | G6: 0 | H6: 0 | I6: 0 | J6: 0 | K6: 0
A7: =F2 -> Z_JACKET_1 | B7: 0 | C7: 0 | D7: 0 | E7: 0 | F7: 0 | G7: 0 | H7: 0 | I7: 0 | J7: 0 | K7: 0
A8: =G2 -> Z_JACKET_2 | B8: 0 | C8: 0 | D8: 0 | E8: 0 | F8: 0 | G8: 0 | H8: 0 | I8: 0 | J8: 0 | K8: 0
A9: =H2 -> Z_JACKET_3 | B9: 0 | C9: 0 | D9: 0 | E9: 0 | F9: 0 | G9: 0 | H9: 0 | I9: 0 | J9: 0 | K9: 0
A10: =I2 -> Z_JACKET_4 | B10: 0 | C10: 0 | D10: 0 | E10: 0 | F10: 0 | G10: 0 | H10: 0 | I10: 0 | J10: 0 | K10: 0
A11: =J2 -> Z_JACKET_5 | B11: 0 | C11: 0 | D11: 0 | E11: 0 | F11: 0 | G11: 0 | H11: 0 | I11: 0 | J11: 0 | K11: 0
A12: =K2 -> Z_JACKET_6 | B12: 0 | C12: 0 | D12: 0 | E12: 0 | F12: 0 | G12: 0 | H12: 0 | I12: 0 | J12: 0 | K12: 0

Sheet HTC_multiplier
C1: % [] Value for the multiplier for the heat transfer coefficient, when needed
B2: =contact_perimeter_flag!B2 -> Environment | C2: =contact_perimeter_flag!C2 -> CHAN_1 | D2: =contact_perimeter_flag!D2 -> CHAN_2 | E2: =contact_perimeter_flag!E2 -> STR_STAB_1 | F2: =contact_perimeter_flag!F2 -> Z_JACKET_1 | G2: =contact_perimeter_flag!G2 -> Z_JACKET_2 | H2: =contact_perimeter_flag!H2 -> Z_JACKET_3 | I2: =contact_perimeter_flag!I2 -> Z_JACKET_4 | ... K2: =contact_perimeter_flag!K2 -> Z_JACKET_6
A3: =B2 -> Environment | B3: 0 | C3: 0 | D3: 0 | E3: 0 | F3: 0 | G3: 0 | H3: 0 | I3: 0 | J3: 0 | K3: 1
A4: =C2 -> CHAN_1 | B4: 0 | C4: 0 | D4: 0 | E4: 1 | F4: 1 | G4: 0 | H4: 0 | I4: 0 | J4: 0 | K4: 0
A5: =D2 -> CHAN_2 | B5: 0 | C5: 0 | D5: 0 | E5: 0 | F5: 0 | G5: 0 | H5: 1 | I5: 1 | J5: 0 | K5: 0
A6: =E2 -> STR_STAB_1 | B6: 0 | C6: 0 | D6: 0 | E6: 0 | F6: 0 | G6: 0 | H6: 0 | I6: 0 | J6: 0 | K6: 0
A7: =F2 -> Z_JACKET_1 | B7: 0 | C7: 0 | D7: 0 | E7: 0 | F7: 0 | G7: 1 | H7: 0 | I7: 0 | J7: 0 | K7: 0
A8: =contact_perimeter_flag!A8 -> Z_JACKET_2 | B8: 0 | C8: 0 | D8: 0 | E8: 0 | F8: 0 | G8: 0 | H8: 1 | I8: 0 | J8: 0 | K8: 0
A9: =contact_perimeter_flag!A9 -> Z_JACKET_3 | B9: 0 | C9: 0 | D9: 0 | E9: 0 | F9: 0 | G9: 0 | H9: 0 | I9: 0 | J9: 0 | K9: 0
A10: =contact_perimeter_flag!A10 -> Z_JACKET_4 | B10: 0 | C10: 0 | D10: 0 | E10: 0 | F10: 0 | G10: 0 | H10: 0 | I10: 0 | J10: 1 | K10: 0
A11: =contact_perimeter_flag!A11 -> Z_JACKET_5 | B11: 0 | C11: 0 | D11: 0 | E11: 0 | F11: 0 | G11: 0 | H11: 0 | I11: 0 | J11: 0 | K11: 1
A12: =contact_perimeter_flag!A12 -> Z_JACKET_6 | B12: 0 | C12: 0 | D12: 0 | E12: 0 | F12: 0 | G12: 0 | H12: 0 | I12: 0 | J12: 0 | K12: 0

Sheet electric_conductance_mode
C1: Flag to specify the kind of electric conductance: 1 conductance per unit length (the contact is along a line as for tow cilinder); 2 = actual conductance between components.
B2: =contact_perimeter_flag!B2 -> Environment | C2: =contact_perimeter_flag!C2 -> CHAN_1 | D2: =contact_perimeter_flag!D2 -> CHAN_2 | E2: =contact_perimeter_flag!E2 -> STR_STAB_1 | F2: =contact_perimeter_flag!F2 -> Z_JACKET_1 | G2: =contact_perimeter_flag!G2 -> Z_JACKET_2 | H2: =contact_perimeter_flag!H2 -> Z_JACKET_3 | I2: =contact_perimeter_flag!I2 -> Z_JACKET_4 | ... K2: =contact_perimeter_flag!K2 -> Z_JACKET_6
A3: =B2 -> Environment | B3: 0 | C3: 0 | D3: 0 | E3: 0 | F3: 0 | G3: 0 | H3: 0 | I3: 0 | J3: 0 | K3: 0
A4: =C2 -> CHAN_1 | B4: 0 | C4: 0 | D4: 0 | E4: 0 | F4: 0 | G4: 0 | H4: 0 | I4: 0 | J4: 0 | K4: 0
A5: =D2 -> CHAN_2 | B5: 0 | C5: 0 | D5: 0 | E5: 0 | F5: 0 | G5: 0 | H5: 0 | I5: 0 | J5: 0 | K5: 0
A6: =E2 -> STR_STAB_1 | B6: 0 | C6: 0 | D6: 0 | E6: 0 | F6: 0 | G6: 0 | H6: 0 | I6: 0 | J6: 0 | K6: 0
A7: =F2 -> Z_JACKET_1 | B7: 0 | C7: 0 | D7: 0 | E7: 0 | F7: 0 | G7: 0 | H7: 0 | I7: 0 | J7: 0 | K7: 0
A8: =G2 -> Z_JACKET_2 | B8: 0 | C8: 0 | D8: 0 | E8: 0 | F8: 0 | G8: 0 | H8: 0 | I8: 0 | J8: 0 | K8: 0
A9: =H2 -> Z_JACKET_3 | B9: 0 | C9: 0 | D9: 0 | E9: 0 | F9: 0 | G9: 0 | H9: 0 | I9: 0 | J9: 0 | K9: 0
A10: =I2 -> Z_JACKET_4 | B10: 0 | C10: 0 | D10: 0 | E10: 0 | F10: 0 | G10: 0 | H10: 0 | I10: 0 | J10: 0 | K10: 0
A11: =J2 -> Z_JACKET_5 | B11: 0 | C11: 0 | D11: 0 | E11: 0 | F11: 0 | G11: 0 | H11: 0 | I11: 0 | J11: 0 | K11: 0
A12: =K2 -> Z_JACKET_6 | B12: 0 | C12: 0 | D12: 0 | E12: 0 | F12: 0 | G12: 0 | H12: 0 | I12: 0 | J12: 0 | K12: 0

Sheet electric_conductance
C1: [S/m] Value of the electric_conductance
B2: =contact_perimeter_flag!B2 -> Environment | C2: =contact_perimeter_flag!C2 -> CHAN_1 | D2: =contact_perimeter_flag!D2 -> CHAN_2 | E2: =contact_perimeter_flag!E2 -> STR_STAB_1 | F2: =contact_perimeter_flag!F2 -> Z_JACKET_1 | G2: =contact_perimeter_flag!G2 -> Z_JACKET_2 | H2: =contact_perimeter_flag!H2 -> Z_JACKET_3 | I2: =contact_perimeter_flag!I2 -> Z_JACKET_4 | ... K2: =contact_perimeter_flag!K2 -> Z_JACKET_6
A3: =B2 -> Environment | B3: 0 | C3: 0 | D3: 0 | E3: 0 | F3: 0 | G3: 0 | H3: 0 | I3: 0 | J3: 0 | K3: 0
A4: =C2 -> CHAN_1 | B4: 0 | C4: 0 | D4: 0 | E4: 0 | F4: 0 | G4: 0 | H4: 0 | I4: 0 | J4: 0 | K4: 0
A5: =D2 -> CHAN_2 | B5: 0 | C5: 0 | D5: 0 | E5: 0 | F5: 0 | G5: 0 | H5: 0 | I5: 0 | J5: 0 | K5: 0
A6: =E2 -> STR_STAB_1 | B6: 0 | C6: 0 | D6: 0 | E6: 0 | F6: 0 | G6: 0 | H6: 0 | I6: 0 | J6: 0 | K6: 0
A7: =F2 -> Z_JACKET_1 | B7: 0 | C7: 0 | D7: 0 | E7: 0 | F7: 0 | G7: 0 | H7: 0 | I7: 0 | J7: 0 | K7: 0
A8: =G2 -> Z_JACKET_2 | B8: 0 | C8: 0 | D8: 0 | E8: 0 | F8: 0 | G8: 0 | H8: 0 | I8: 0 | J8: 0 | K8: 0
A9: =H2 -> Z_JACKET_3 | B9: 0 | C9: 0 | D9: 0 | E9: 0 | F9: 0 | G9: 0 | H9: 0 | I9: 0 | J9: 0 | K9: 0
A10: =I2 -> Z_JACKET_4 | B10: 0 | C10: 0 | D10: 0 | E10: 0 | F10: 0 | G10: 0 | H10: 0 | I10: 0 | J10: 0 | K10: 0
A11: =J2 -> Z_JACKET_5 | B11: 0 | C11: 0 | D11: 0 | E11: 0 | F11: 0 | G11: 0 | H11: 0 | I11: 0 | J11: 0 | K11: 0
A12: =K2 -> Z_JACKET_6 | B12: 0 | C12: 0 | D12: 0 | E12: 0 | F12: 0 | G12: 0 | H12: 0 | I12: 0 | J12: 0 | K12: 0

Sheet open_perimeter_fract
C1: [%] Fraction of the contact perimeter between fluid elements which is actually open
B2: =contact_perimeter_flag!B2 -> Environment | C2: =contact_perimeter_flag!C2 -> CHAN_1 | D2: =contact_perimeter_flag!D2 -> CHAN_2 | E2: =contact_perimeter_flag!E2 -> STR_STAB_1 | F2: =contact_perimeter_flag!F2 -> Z_JACKET_1 | G2: =contact_perimeter_flag!G2 -> Z_JACKET_2 | H2: =contact_perimeter_flag!H2 -> Z_JACKET_3 | I2: =contact_perimeter_flag!I2 -> Z_JACKET_4 | ... K2: =contact_perimeter_flag!K2 -> Z_JACKET_6
A3: =B2 -> Environment | B3: 0 | C3: 0 | D3: 0 | E3: 0 | F3: 0 | G3: 0 | H3: 0 | I3: 0 | J3: 0 | K3: 0
A4: =C2 -> CHAN_1 | B4: 0 | C4: 0 | D4: 0 | E4: 0 | F4: 0 | G4: 0 | H4: 0 | I4: 0 | J4: 0 | K4: 0
A5: =D2 -> CHAN_2 | B5: 0 | C5: 0 | D5: 0 | E5: 0 | F5: 0 | G5: 0 | H5: 0 | I5: 0 | J5: 0 | K5: 0
A6: =E2 -> STR_STAB_1 | B6: 0 | C6: 0 | D6: 0 | E6: 0 | F6: 0 | G6: 0 | H6: 0 | I6: 0 | J6: 0 | K6: 0
A7: =F2 -> Z_JACKET_1 | B7: 0 | C7: =0 -> 0 | D7: =0 -> 0 | E7: 0 | F7: 0 | G7: 0 | H7: 0 | I7: 0 | J7: 0 | K7: 0
A8: =contact_perimeter_flag!A8 -> Z_JACKET_2 | B8: 0 | C8: =0 -> 0 | D8: =0 -> 0 | E8: 0 | F8: 0 | G8: 0 | H8: 0 | I8: 0 | J8: 0 | K8: 0
A9: =contact_perimeter_flag!A9 -> Z_JACKET_3 | B9: 0 | C9: =0 -> 0 | D9: =0 -> 0 | E9: 0 | F9: 0 | G9: 0 | H9: 0 | I9: 0 | J9: 0 | K9: 0
A10: =contact_perimeter_flag!A10 -> Z_JACKET_4 | B10: 0 | C10: =0 -> 0 | D10: =0 -> 0 | E10: 0 | F10: 0 | G10: 0 | H10: 0 | I10: 0 | J10: 0 | K10: 0
A11: =contact_perimeter_flag!A11 -> Z_JACKET_5 | B11: 0 | C11: =0 -> 0 | D11: =0 -> 0 | E11: 0 | F11: 0 | G11: 0 | H11: 0 | I11: 0 | J11: 0 | K11: 0
A12: =contact_perimeter_flag!A12 -> Z_JACKET_6 | B12: 0 | C12: =0 -> 0 | D12: =0 -> 0 | E12: 0 | F12: 0 | G12: 0 | H12: 0 | I12: 0 | J12: 0 | K12: 0

Sheet interf_thickness
C1: [m] Thickness of the interface between fluid elements
B2: =contact_perimeter_flag!B2 -> Environment | C2: =contact_perimeter_flag!C2 -> CHAN_1 | D2: =contact_perimeter_flag!D2 -> CHAN_2 | E2: =contact_perimeter_flag!E2 -> STR_STAB_1 | F2: =contact_perimeter_flag!F2 -> Z_JACKET_1 | G2: =contact_perimeter_flag!G2 -> Z_JACKET_2 | H2: =contact_perimeter_flag!H2 -> Z_JACKET_3 | I2: =contact_perimeter_flag!I2 -> Z_JACKET_4 | ... K2: =contact_perimeter_flag!K2 -> Z_JACKET_6
A3: =B2 -> Environment | B3: 0 | C3: 0 | D3: 0 | E3: 0 | F3: 0 | G3: 0 | H3: 0 | I3: 0 | J3: 0 | K3: 0
A4: =C2 -> CHAN_1 | B4: 0 | C4: 0 | D4: 0 | E4: 0 | F4: 0 | G4: 0 | H4: 0 | I4: 0 | J4: 0 | K4: 0
A5: =D2 -> CHAN_2 | B5: 0 | C5: 0 | D5: 0 | E5: 0 | F5: 0 | G5: 0 | H5: 0 | I5: 0 | J5: 0 | K5: 0
A6: =E2 -> STR_STAB_1 | B6: 0 | C6: 0 | D6: 0 | E6: 0 | F6: 0 | G6: 0 | H6: 0 | I6: 0 | J6: 0 | K6: 0
A7: =F2 -> Z_JACKET_1 | B7: 0 | C7: =0 -> 0 | D7: =0 -> 0 | E7: 0 | F7: 0 | G7: 0 | H7: 0 | I7: 0 | J7: 0 | K7: 0
A8: =contact_perimeter_flag!A8 -> Z_JACKET_2 | B8: 0 | C8: =0 -> 0 | D8: =0 -> 0 | E8: 0 | F8: 0 | G8: 0 | H8: 0 | I8: 0 | J8: 0 | K8: 0
A9: =contact_perimeter_flag!A9 -> Z_JACKET_3 | B9: 0 | C9: =0 -> 0 | D9: =0 -> 0 | E9: 0 | F9: 0 | G9: 0 | H9: 0 | I9: 0 | J9: 0 | K9: 0
A10: =contact_perimeter_flag!A10 -> Z_JACKET_4 | B10: 0 | C10: =0 -> 0 | D10: =0 -> 0 | E10: 0 | F10: 0 | G10: 0 | H10: 0 | I10: 0 | J10: 0 | K10: 0
A11: =contact_perimeter_flag!A11 -> Z_JACKET_5 | B11: 0 | C11: =0 -> 0 | D11: =0 -> 0 | E11: 0 | F11: 0 | G11: 0 | H11: 0 | I11: 0 | J11: 0 | K11: 0
A12: =contact_perimeter_flag!A12 -> Z_JACKET_6 | B12: 0 | C12: =0 -> 0 | D12: =0 -> 0 | E12: 0 | F12: 0 | G12: 0 | H12: 0 | I12: 0 | J12: 0 | K12: 0

Sheet trans_transp_multiplier
C1: [%] Multiplier for the transport properties in the open fraction of the perimeter between fluid elements
B2: =contact_perimeter_flag!B2 -> Environment | C2: =contact_perimeter_flag!C2 -> CHAN_1 | D2: =contact_perimeter_flag!D2 -> CHAN_2 | E2: =contact_perimeter_flag!E2 -> STR_STAB_1 | F2: =contact_perimeter_flag!F2 -> Z_JACKET_1 | G2: =contact_perimeter_flag!G2 -> Z_JACKET_2 | H2: =contact_perimeter_flag!H2 -> Z_JACKET_3 | I2: =contact_perimeter_flag!I2 -> Z_JACKET_4 | ... K2: =contact_perimeter_flag!K2 -> Z_JACKET_6
A3: =B2 -> Environment | B3: 0 | C3: 0 | D3: 0 | E3: 0 | F3: 0 | G3: 0 | H3: 0 | I3: 0 | J3: 0 | K3: 0
A4: =C2 -> CHAN_1 | B4: 0 | C4: 0 | D4: 0 | E4: 0 | F4: 0 | G4: 0 | H4: 0 | I4: 0 | J4: 0 | K4: 0
A5: =D2 -> CHAN_2 | B5: 0 | C5: 0 | D5: 0 | E5: 0 | F5: 0 | G5: 0 | H5: 0 | I5: 0 | J5: 0 | K5: 0
A6: =E2 -> STR_STAB_1 | B6: 0 | C6: 0 | D6: 0 | E6: 0 | F6: 0 | G6: 0 | H6: 0 | I6: 0 | J6: 0 | K6: 0
A7: =F2 -> Z_JACKET_1 | B7: 0 | C7: =0 -> 0 | D7: =0 -> 0 | E7: 0 | F7: 0 | G7: 0 | H7: 0 | I7: 0 | J7: 0 | K7: 0
A8: =contact_perimeter_flag!A8 -> Z_JACKET_2 | B8: 0 | C8: =0 -> 0 | D8: =0 -> 0 | E8: 0 | F8: 0 | G8: 0 | H8: 0 | I8: 0 | J8: 0 | K8: 0
A9: =contact_perimeter_flag!A9 -> Z_JACKET_3 | B9: 0 | C9: =0 -> 0 | D9: =0 -> 0 | E9: 0 | F9: 0 | G9: 0 | H9: 0 | I9: 0 | J9: 0 | K9: 0
A10: =contact_perimeter_flag!A10 -> Z_JACKET_4 | B10: 0 | C10: =0 -> 0 | D10: =0 -> 0 | E10: 0 | F10: 0 | G10: 0 | H10: 0 | I10: 0 | J10: 0 | K10: 0
A11: =contact_perimeter_flag!A11 -> Z_JACKET_5 | B11: 0 | C11: =0 -> 0 | D11: =0 -> 0 | E11: 0 | F11: 0 | G11: 0 | H11: 0 | I11: 0 | J11: 0 | K11: 0
A12: =contact_perimeter_flag!A12 -> Z_JACKET_6 | B12: 0 | C12: =0 -> 0 | D12: =0 -> 0 | E12: 0 | F12: 0 | G12: 0 | H12: 0 | I12: 0 | J12: 0 | K12: 0

Sheet view_factors
C1: [%] View factors between jackets to evaluate radiative heating
B2: =contact_perimeter_flag!B2 -> Environment | C2: =contact_perimeter_flag!C2 -> CHAN_1 | D2: =contact_perimeter_flag!D2 -> CHAN_2 | E2: =contact_perimeter_flag!E2 -> STR_STAB_1 | F2: =contact_perimeter_flag!F2 -> Z_JACKET_1 | G2: =contact_perimeter_flag!G2 -> Z_JACKET_2 | H2: =contact_perimeter_flag!H2 -> Z_JACKET_3 | I2: =contact_perimeter_flag!I2 -> Z_JACKET_4 | ... K2: =contact_perimeter_flag!K2 -> Z_JACKET_6
A3: =B2 -> Environment | B3: 0 | C3: 0 | D3: 0 | E3: 0 | F3: 0 | G3: 0 | H3: 0 | I3: 0 | J3: 0 | K3: 1
A4: =C2 -> CHAN_1 | B4: 0 | C4: 0 | D4: 0 | E4: 0 | F4: 0 | G4: 0 | H4: 0 | I4: 0 | J4: 0 | K4: 0
A5: =D2 -> CHAN_2 | B5: 0 | C5: 0 | D5: 0 | E5: 0 | F5: 0 | G5: 0 | H5: 0 | I5: 0 | J5: 0 | K5: 0
A6: =E2 -> STR_STAB_1 | B6: 0 | C6: 0 | D6: 0 | E6: 0 | F6: 0 | G6: 0 | H6: 0 | I6: 0 | J6: 0 | K6: 0
A7: =F2 -> Z_JACKET_1 | B7: 0 | C7: 0 | D7: 0 | E7: 0 | F7: 0 | G7: 1 | H7: 0 | I7: 0 | J7: 0 | K7: 0
A8: =contact_perimeter_flag!A8 -> Z_JACKET_2 | B8: 0 | C8: 0 | D8: 0 | E8: 0 | F8: 0 | G8: 0 | H8: 1 | I8: 0 | J8: 0 | K8: 0
A9: =contact_perimeter_flag!A9 -> Z_JACKET_3 | B9: 0 | C9: 0 | D9: 0 | E9: 0 | F9: 0 | G9: 0 | H9: 0 | I9: 0 | J9: 0 | K9: 0
A10: =contact_perimeter_flag!A10 -> Z_JACKET_4 | B10: 0 | C10: 0 | D10: 0 | E10: 0 | F10: 0 | G10: 0 | H10: 0 | I10: 0 | J10: 1 | K10: 0
A11: =contact_perimeter_flag!A11 -> Z_JACKET_5 | B11: 0 | C11: 0 | D11: 0 | E11: 0 | F11: 0 | G11: 0 | H11: 0 | I11: 0 | J11: 0 | K11: 1
A12: =contact_perimeter_flag!A12 -> Z_JACKET_6 | B12: 0 | C12: 0 | D12: 0 | E12: 0 | F12: 0 | G12: 0 | H12: 0 | I12: 0 | J12: 0 | K12: 0
